﻿<?xml version="1.0" encoding="utf-8" ?>

<Defs>

	<ThingDef ParentName="BaseBullet">
		<defName>Bullet_TieSha</defName>
		<label>铁砂</label>
		<graphicData>
			<texPath>Things/Projectile/Bullet_Shotgun</texPath>
			<graphicClass>Graphic_Single</graphicClass>
		</graphicData>
		<projectile>
			<damageDef>Bullet</damageDef>
			<damageAmountBase>60</damageAmountBase>
			<speed>55</speed>
		</projectile>
	</ThingDef>

	<ThingDef ParentName="BaseHumanMakeableGun">
		<defName>Gun_TuZhiLieQiang</defName>
		<label>土制猎枪</label>
		<description>简单制作的猎枪，比霰弹枪杀伤力更强，射程更短，适合前期消灭任何胆敢近身的敌人，感谢箱兔小姐姐的贴图支持。</description>
		<graphicData>
			<texPath>Things/Item/Equipment/WeaponRanged/CIWS_TuZhiLieQiang</texPath>
			<graphicClass>Graphic_Single</graphicClass>
		</graphicData>
		<soundInteract>Interact_Shotgun</soundInteract>
		<statBases>
			<WorkToMake>5000</WorkToMake>
			<Mass>2.8</Mass>
			<AccuracyTouch>0.99</AccuracyTouch>
			<AccuracyShort>0.95</AccuracyShort>
			<AccuracyMedium>0.90</AccuracyMedium>
			<AccuracyLong>0.85</AccuracyLong>
			<RangedWeapon_Cooldown>2.26</RangedWeapon_Cooldown>
		</statBases>
		<costList>
			<Steel>35</Steel>
			<ComponentIndustrial>1</ComponentIndustrial>
		</costList>
		<verbs>
			<li>
				<verbClass>Verb_Shoot</verbClass>
				<hasStandardCommand>true</hasStandardCommand>
				<defaultProjectile>Bullet_TieSha</defaultProjectile>
				<warmupTime>0.9</warmupTime>
				<burstShotCount>2</burstShotCount>
				<ticksBetweenBurstShots>40</ticksBetweenBurstShots>
				<range>11</range>
				<soundCast>Shot_Shotgun</soundCast>
				<soundCastTail>GunTail_Heavy</soundCastTail>
				<muzzleFlashScale>9</muzzleFlashScale>
			</li>
		</verbs>
		<tools>
			<li>
				<label>stock</label>
				<capacities>
					<li>Blunt</li>
				</capacities>
				<power>8</power>
				<cooldownTime>1.8</cooldownTime>
			</li>
			<li>
				<label>barrel</label>
				<capacities>
					<li>Blunt</li>
					<li>Poke</li>
				</capacities>
				<power>8</power>
				<cooldownTime>1.9</cooldownTime>
			</li>
		</tools>
	</ThingDef>

	<!-- ============================================================== -->

	<ThingDef ParentName="BaseBullet">
		<defName>Bullet_9mmluge</defName>
		<label>九毫米鲁格弹</label>
		<graphicData>
			<texPath>Things/Projectile/Bullet_Small</texPath>
			<graphicClass>Graphic_Single</graphicClass>
		</graphicData>
		<projectile>
			<flyOverhead>false</flyOverhead>
			<damageDef>Bullet</damageDef>
			<damageAmountBase>9</damageAmountBase>
			<speed>55</speed>
		</projectile>
	</ThingDef>

	<ThingDef ParentName="BaseHumanMakeableGun">
		<defName>Gun_CIWS_G18C</defName>
		<label>格洛克18C</label>
		<description>格洛克18C手枪，一款优秀的自动手枪，拥有自动射击功能。</description>
		<graphicData>
			<texPath>Things/Item/Equipment/WeaponRanged/CIWS_G18C</texPath>
			<graphicClass>Graphic_Single</graphicClass>
		</graphicData>
		<soundInteract>Interact_Autopistol</soundInteract>
		<statBases>
			<WorkToMake>32000</WorkToMake>
			<MarketValue>500</MarketValue>
			<Mass>1.1</Mass>
			<AccuracyTouch>0.81</AccuracyTouch>
			<AccuracyShort>0.51</AccuracyShort>
			<AccuracyMedium>0.40</AccuracyMedium>
			<AccuracyLong>0.32</AccuracyLong>
			<RangedWeapon_Cooldown>0.90</RangedWeapon_Cooldown>
		</statBases>
		<weaponTags>
			<li>SimpleGun</li>
		</weaponTags>
		<!-- <tradeablity>Sellable</tradeablity> --><!--不出现在交易列表-->
		<costList>
			<Steel>40</Steel>
			<ComponentIndustrial>3</ComponentIndustrial>
		</costList>
		<verbs>
			<li>
				<verbClass>Verb_Shoot</verbClass>
				<hasStandardCommand>true</hasStandardCommand>
				<defaultProjectile>Bullet_9mmluge</defaultProjectile>
				<warmupTime>1</warmupTime>
				<range>20</range>
				<ticksBetweenBurstShots>3</ticksBetweenBurstShots>
				<burstShotCount>17</burstShotCount>
				<soundCast>Shot_Autopistol</soundCast>
				<soundCastTail>GunTail_Light</soundCastTail>
				<muzzleFlashScale>9</muzzleFlashScale>
			</li>
		</verbs>
		<tools>
			<li>
				<label>grip</label>
				<capacities>
					<li>Blunt</li>
				</capacities>
				<power>8</power>
				<cooldownTime>1.6</cooldownTime>
			</li>
			<li>
				<label>barrel</label>
				<capacities>
					<li>Blunt</li>
					<li>Poke</li>
				</capacities>
				<power>8</power>
				<cooldownTime>1.6</cooldownTime>
			</li>
		</tools>
	</ThingDef>

	<ThingDef ParentName="BaseBullet">
		<defName>Bullet_Dbp87A</defName>
		<label>五点八毫米钢芯弹</label>
		<graphicData>
			<texPath>Things/Projectile/Bullet_Big</texPath>
			<graphicClass>Graphic_Single</graphicClass>
		</graphicData>
		<projectile>
			<damageDef>Bullet</damageDef>
			<damageAmountBase>50</damageAmountBase>
			<speed>150</speed>
		</projectile>
	</ThingDef>

	<ThingDef ParentName="BaseHumanMakeableGun">
		<defName>Gun_QBU85A</defName>
		<label>八五式狙击步枪</label>
		<description>中国生产的85式狙击步枪，由79式狙击步枪改进而来。</description>
		<graphicData>
			<texPath>Things/Item/Equipment/WeaponRanged/CIWS_QBU85A</texPath>
			<graphicClass>Graphic_Single</graphicClass>
		</graphicData>
		<soundInteract>Interact_Rifle</soundInteract>
		<statBases>
			<WorkToMake>120000</WorkToMake>
			<MarketValue>1250</MarketValue>
			<Mass>3.8</Mass>
			<AccuracyTouch>0.50</AccuracyTouch>
			<AccuracyShort>0.86</AccuracyShort>
			<AccuracyMedium>0.94</AccuracyMedium>
			<AccuracyLong>0.95</AccuracyLong>
			<RangedWeapon_Cooldown>2.00</RangedWeapon_Cooldown>
		</statBases>
		<weaponTags>
			<li>SniperRifle</li>
		</weaponTags>
		<costList>
			<Steel>100</Steel>
			<ComponentIndustrial>5</ComponentIndustrial>
		</costList>
		<verbs>
			<li>
				<verbClass>Verb_Shoot</verbClass>
				<hasStandardCommand>true</hasStandardCommand>
				<defaultProjectile>Bullet_Dbp87A</defaultProjectile>
				<warmupTime>3</warmupTime>
				<range>45</range>
				<soundCast>Shot_SniperRifle</soundCast>
				<soundCastTail>GunTail_Heavy</soundCastTail>
				<muzzleFlashScale>9</muzzleFlashScale>
			</li>
		</verbs>
		<tools>
			<li>
				<label>stock</label>
				<capacities>
					<li>Blunt</li>
				</capacities>
				<power>9</power>
				<cooldownTime>1.8</cooldownTime>
			</li>
			<li>
				<label>barrel</label>
				<capacities>
					<li>Blunt</li>
					<li>Poke</li>
				</capacities>
				<power>10</power>
				<cooldownTime>1.9</cooldownTime>
			</li>
		</tools>
	</ThingDef>



	<ThingDef ParentName="BaseBullet">
		<defName>Bullet_M1943A</defName>
		<label>七点六二毫米M1943中间型步枪弹</label>
		<graphicData>
			<texPath>Things/Projectile/Bullet_Big</texPath>
			<graphicClass>Graphic_Single</graphicClass>
		</graphicData>
		<projectile>
			<damageDef>Bullet</damageDef>
			<damageAmountBase>7</damageAmountBase>
			<speed>90</speed>
		</projectile>
	</ThingDef>

	<ThingDef ParentName="BaseHumanMakeableGun">
		<defName>Gun_QBZ81A</defName>
		<label>八一杠一式自动步枪</label>
		<description>中国生产的一款精度好、动作可靠、操作维护简便的自动步枪。</description>
		<graphicData>
			<texPath>Things/Item/Equipment/WeaponRanged/CIWS_QBZ81A</texPath>
			<graphicClass>Graphic_Single</graphicClass>
		</graphicData>
		<soundInteract>Interact_Rifle</soundInteract>
		<statBases>
			<WorkToMake>45000</WorkToMake>
			<!--制作工作量-->
			<MarketValue>800</MarketValue>
			<!--价值-->
			<Mass>3.5</Mass>
			<!--重量-->
			<AccuracyTouch>0.80</AccuracyTouch>
			<!--近身精度-->
			<AccuracyShort>0.87</AccuracyShort>
			<!--近程精度-->
			<AccuracyMedium>0.77</AccuracyMedium>
			<!--中程精度-->
			<AccuracyLong>0.64</AccuracyLong>
			<!--远程精度-->
			<RangedWeapon_Cooldown>1.05</RangedWeapon_Cooldown>
		</statBases>
		<weaponTags>
			<li>EliteGun</li>
		</weaponTags>
		<costList>
			<Steel>60</Steel>
			<ComponentIndustrial>5</ComponentIndustrial>
		</costList>
		<verbs>
			<li>
				<verbClass>Verb_Shoot</verbClass>
				<hasStandardCommand>true</hasStandardCommand>
				<defaultProjectile>Bullet_M1943A</defaultProjectile>
				<!--使用的子弹-->
				<warmupTime>0.9</warmupTime>
				<!--预热时间，射击前瞄准时间-->
				<range>31</range>
				<!--射程-->
				<burstShotCount>10</burstShotCount>
				<!--每次射击子弹数量-->
				<ticksBetweenBurstShots>5</ticksBetweenBurstShots>
				<!--单位时间射速，用3600除以这个数得出射速-->
				<soundCast>Shot_SniperRifle</soundCast>
				<soundCastTail>GunTail_Medium</soundCastTail>
				<muzzleFlashScale>9</muzzleFlashScale>
				<!--枪口闪光亮度-->
			</li>
		</verbs>
		<tools>
			<li>
				<label>stock</label>
				<capacities>
					<li>Blunt</li>
				</capacities>
				<power>9</power>
				<cooldownTime>1.8</cooldownTime>
			</li>
			<li>
				<label>barrel</label>
				<capacities>
					<li>Blunt</li>
					<li>Poke</li>
				</capacities>
				<power>10</power>
				<cooldownTime>1.9</cooldownTime>
			</li>
		</tools>
	</ThingDef>


	<ThingDef ParentName="BaseBullet">
		<defName>Bullet_Huojiandan</defName>
		<label>八十毫米火箭弹</label>
		<graphicData>
			<texPath>Things/Projectile/InfernoCannonShot</texPath>
			<graphicClass>Graphic_Single</graphicClass>
			<shaderType>TransparentPostLight</shaderType>
		</graphicData>
		<thingClass>Projectile_Explosive</thingClass>
		<projectile>
			<speed>80</speed>
			<damageDef>Bomb</damageDef>
			<damageAmountBase>25</damageAmountBase>
			<explosionRadius>3.5</explosionRadius>
		</projectile>
	</ThingDef>


	<ThingDef ParentName="BaseHumanMakeableGun">
		<defName>Gun_CIWS_PF89A</defName>
		<label>PF89A火箭筒</label>
		<graphicData>
			<texPath>Things/Item/Equipment/WeaponRanged/CIWS_PF89A</texPath>
			<graphicClass>Graphic_Single</graphicClass>
		</graphicData>
		<description>PF89A式单兵火箭筒。</description>
		<statBases>
			<WorkToMake>120000</WorkToMake>
			<MarketValue>1500</MarketValue>
			<Mass>8</Mass>
			<AccuracyTouch>0.95</AccuracyTouch>
			<AccuracyShort>0.80</AccuracyShort>
			<AccuracyMedium>0.75</AccuracyMedium>
			<AccuracyLong>0.7</AccuracyLong>
			<RangedWeapon_Cooldown>1.4</RangedWeapon_Cooldown>
		</statBases>
		<costList>
			<Steel>100</Steel>
			<Plasteel>15</Plasteel>
			<ComponentIndustrial>5</ComponentIndustrial>
		</costList>
		<techLevel>Spacer</techLevel>
		<weaponTags>
			<li>Gun</li>
			<li>GunHeavy</li>
		</weaponTags>
		<tradeTags>
			<li>Exotic</li>
		</tradeTags>
		<verbs>
			<li>
				<verbClass>Verb_Shoot</verbClass>
				<hasStandardCommand>true</hasStandardCommand>
				<defaultProjectile>Bullet_Huojiandan</defaultProjectile>
				<forcedMissRadius>1.9</forcedMissRadius>
				<warmupTime>1</warmupTime>
				<ai_AvoidFriendlyFireRadius>6</ai_AvoidFriendlyFireRadius>
				<range>53</range>
				<ticksBetweenBurstShots>2</ticksBetweenBurstShots>
				<burstShotCount>1</burstShotCount>
				<soundCast>Shot_IncendiaryLauncher</soundCast>
				<soundCastTail>GunTail_Heavy</soundCastTail>
				<onlyManualCast>true</onlyManualCast>
				<targetParams>
					<canTargetLocations>true</canTargetLocations>
				</targetParams>
				<muzzleFlashScale>14</muzzleFlashScale>
			</li>
		</verbs>
		<tools>
			<li>
				<label>barrel</label>
				<capacities>
					<li>Blunt</li>
				</capacities>
				<power>10</power>
				<cooldownTime>1.9</cooldownTime>
			</li>
		</tools>
	</ThingDef>


	<ThingDef ParentName="BaseBullet">
		<defName>Bullet_Hedantou</defName>
		<label>核弹头</label>
		<graphicData>
			<texPath>Things/Projectile/InfernoCannonShot</texPath>
			<graphicClass>Graphic_Single</graphicClass>
			<shaderType>TransparentPostLight</shaderType>
		</graphicData>
		<thingClass>Projectile_Explosive</thingClass>
		<projectile>
			<speed>20</speed>
			<damageDef>Bomb</damageDef>
			<damageAmountBase>2500000</damageAmountBase>
			<explosionRadius>40</explosionRadius>
		</projectile>
	</ThingDef>


	<ThingDef ParentName="BaseHumanMakeableGun">
		<defName>Gun_CIWS_PF89N</defName>
		<label>PF89N核火箭筒</label>
		<graphicData>
			<texPath>Things/Item/Equipment/WeaponRanged/CIWS_PF89A</texPath>
			<graphicClass>Graphic_Single</graphicClass>
		</graphicData>
		<description>PF89N式单兵核火箭筒。</description>
		<statBases>
			<WorkToMake>120000</WorkToMake>
			<MarketValue>1200</MarketValue>
			<Mass>10</Mass>
			<AccuracyTouch>0.95</AccuracyTouch>
			<AccuracyShort>0.80</AccuracyShort>
			<AccuracyMedium>0.75</AccuracyMedium>
			<AccuracyLong>0.7</AccuracyLong>
			<RangedWeapon_Cooldown>0.50</RangedWeapon_Cooldown>
		</statBases>
		<techLevel>Spacer</techLevel>
		<costList>
			<Steel>100</Steel>
			<Uranium>15</Uranium>
			<ComponentIndustrial>5</ComponentIndustrial>
		</costList>
		<weaponTags>
			<li>Gun</li>
			<li>GunHeavy</li>
		</weaponTags>
		<tradeTags>
			<li>Exotic</li>
		</tradeTags>
		<verbs>
			<li>
				<verbClass>Verb_ShootOneUse</verbClass>
				<!--一次性使用-->
				<hasStandardCommand>true</hasStandardCommand>
				<defaultProjectile>Bullet_Hedantou</defaultProjectile>
				<forcedMissRadius>1.9</forcedMissRadius>
				<warmupTime>1</warmupTime>
				<range>35</range>
				<ticksBetweenBurstShots>1</ticksBetweenBurstShots>
				<burstShotCount>1</burstShotCount>
				<soundCast>Shot_IncendiaryLauncher</soundCast>
				<soundCastTail>GunTail_Heavy</soundCastTail>
				<onlyManualCast>true</onlyManualCast>
				<stopBurstWithoutLos>false</stopBurstWithoutLos>
				<targetParams>
					<canTargetLocations>true</canTargetLocations>
				</targetParams>
				<muzzleFlashScale>140</muzzleFlashScale>
			</li>
		</verbs>
		<tools>
			<li>
				<label>barrel</label>
				<capacities>
					<li>Blunt</li>
				</capacities>
				<power>10</power>
				<cooldownTime>1.9</cooldownTime>
			</li>
		</tools>
	</ThingDef>


	<ThingDef ParentName="BaseHumanMakeableGun">
		<defName>Gun_CIWS_PF89NB</defName>
		<label>PF89NB三重核火箭筒</label>
		<graphicData>
			<texPath>Things/Item/Equipment/WeaponRanged/CIWS_PF89A</texPath>
			<graphicClass>Graphic_Single</graphicClass>
		</graphicData>
		<description>PF89NB式单兵三重核火箭筒。</description>
		<statBases>
			<WorkToMake>360000</WorkToMake>
			<MarketValue>1500</MarketValue>
			<Mass>30</Mass>
			<AccuracyTouch>0.95</AccuracyTouch>
			<AccuracyShort>0.80</AccuracyShort>
			<AccuracyMedium>0.75</AccuracyMedium>
			<AccuracyLong>0.7</AccuracyLong>
			<RangedWeapon_Cooldown>0.50</RangedWeapon_Cooldown>
		</statBases>
		<techLevel>Spacer</techLevel>
		<costList>
			<Steel>100</Steel>
			<Uranium>45</Uranium>
			<ComponentIndustrial>7</ComponentIndustrial>
		</costList>
		<weaponTags>
			<li>Gun</li>
			<li>GunHeavy</li>
		</weaponTags>
		<tradeTags>
			<li>Exotic</li>
		</tradeTags>
		<verbs>
			<li>
				<verbClass>Verb_ShootOneUse</verbClass>
				<!--一次性使用-->
				<hasStandardCommand>true</hasStandardCommand>
				<defaultProjectile>Bullet_Hedantou</defaultProjectile>
				<forcedMissRadius>1.9</forcedMissRadius>
				<warmupTime>1</warmupTime>
				<range>35</range>
				<ticksBetweenBurstShots>2</ticksBetweenBurstShots>
				<burstShotCount>3</burstShotCount>
				<soundCast>Shot_IncendiaryLauncher</soundCast>
				<soundCastTail>GunTail_Heavy</soundCastTail>
				<onlyManualCast>true</onlyManualCast>
				<stopBurstWithoutLos>false</stopBurstWithoutLos>
				<targetParams>
					<canTargetLocations>true</canTargetLocations>
				</targetParams>
				<muzzleFlashScale>140</muzzleFlashScale>
			</li>
		</verbs>
		<tools>
			<li>
				<label>barrel</label>
				<capacities>
					<li>Blunt</li>
				</capacities>
				<power>10</power>
				<cooldownTime>1.9</cooldownTime>
			</li>
		</tools>
	</ThingDef>


</Defs>
