﻿<?xml version="1.0" encoding="utf-8" ?>
<Defs>


	<!-- ==================== Frag grenade ========================== -->

	<ThingDef ParentName="BaseMakeableGrenade">
		<defName>CIWS_Type67GrenadeFrag</defName>
		<label>六七式木柄手榴弹</label>
		<description>造价低廉的手榴弹。</description>
		<tickerType>Normal</tickerType>
		<graphicData>
			<texPath>Things/Item/Equipment/WeaponRanged/CIWS_Type67GrenadeFrag</texPath>
			<graphicClass>Graphic_Single</graphicClass>
		</graphicData>
		<soundInteract>Interact_Grenade</soundInteract>
		<techLevel>Industrial</techLevel>
		<statBases>
			<MarketValue>200</MarketValue>
			<Mass>0.6</Mass>
			<RangedWeapon_Cooldown>2.66</RangedWeapon_Cooldown>
			<WorkToMake>12000</WorkToMake>
		</statBases>
		<weaponTags>
			<li>GrenadeDestructive</li>
		</weaponTags>
		<costList>
			<Steel>25</Steel>
			<ComponentIndustrial>1</ComponentIndustrial>
		</costList>
		<thingCategories>
			<li>Grenades</li>
		</thingCategories>
		<verbs>
			<li>
				<label>扔手榴弹</label>
				<verbClass>Verb_ShootOneUse</verbClass>
				<hasStandardCommand>true</hasStandardCommand>
				<range>21.9</range>
				<forcedMissRadius>1.0</forcedMissRadius>
				<warmupTime>1.5</warmupTime>
				<noiseRadius>4</noiseRadius>
				<ai_IsBuildingDestroyer>false</ai_IsBuildingDestroyer>
				<soundCast>ThrowGrenade</soundCast>
				<targetParams>
					<canTargetLocations>true</canTargetLocations>
				</targetParams>
				<defaultProjectile>Proj_Type67GrenadeFrag</defaultProjectile>
			</li>
		</verbs>
		<smeltProducts>
			<Steel>10</Steel>
		</smeltProducts>
	</ThingDef>

	<ThingDef ParentName="BaseGrenadeProjectile">
		<defName>Proj_Type67GrenadeFrag</defName>
		<label>六七式木柄手榴弹</label>
		<thingClass>Projectile_Explosive</thingClass>
		<graphicData>
			<texPath>Things/Item/Equipment/WeaponRanged/CIWS_Type67GrenadeFrag</texPath>
			<graphicClass>Graphic_Single</graphicClass>
		</graphicData>
		<projectile>
			<explosionRadius >5.9</explosionRadius >
			<damageDef>Bomb</damageDef>
			<damageAmountBase>140</damageAmountBase>
			<explosionDelay>100</explosionDelay><!--爆炸延时-->
			<flyOverhead>true</flyOverhead>
		</projectile>
	</ThingDef>

	<ThingDef ParentName="BaseGrenadeProjectile">
		<defName>Proj_GrenadeMiehuo</defName>
		<label>灭火手榴弹</label>
		<thingClass>Projectile_Explosive</thingClass>
		<graphicData>
			<texPath>Things/Projectile/Grenade</texPath>
			<graphicClass>Graphic_Single</graphicClass>
		</graphicData>
		<projectile>
			<damageDef>Extinguish</damageDef>
			<damageAmountBase>150</damageAmountBase>
			<explosionRadius>5.9</explosionRadius>
			<preExplosionSpawnThingDef>Filth_FireFoam</preExplosionSpawnThingDef>
			<explosionDelay>100</explosionDelay>
		</projectile>
	</ThingDef>

	<ThingDef ParentName="BaseMakeableGrenade">
		<defName>Weapon_GrenadeMiehuo</defName>
		<label>灭火手榴弹</label>
		<description>灭火手榴弹。</description>
		<tickerType>Normal</tickerType>
		<graphicData>
			<texPath>Things/Item/Equipment/WeaponRanged/GrenadeMiehuo</texPath>
			<graphicClass>Graphic_Single</graphicClass>
		</graphicData>
		<soundInteract>Interact_Grenade</soundInteract>
		<techLevel>Industrial</techLevel>
		<statBases>
			<MarketValue>1200</MarketValue>
			<Mass>1</Mass>
			<RangedWeapon_Cooldown>2.66</RangedWeapon_Cooldown>
			<WorkToMake>12000</WorkToMake>
		</statBases>
		<weaponTags>
			<li>GrenadeDestructive</li>
		</weaponTags>
		<costList>
			<Steel>100</Steel>
			<Gold>5</Gold>
			<ComponentIndustrial>5</ComponentIndustrial>
		</costList>
		<thingCategories>
			<li>Grenades</li>
		</thingCategories>
		<verbs>
			<li>
				<label>投掷灭火手榴弹</label>
				<verbClass>Verb_LaunchProjectile</verbClass>
				<hasStandardCommand>true</hasStandardCommand>
				<range>12.9</range>
				<forcedMissRadius>1.0</forcedMissRadius>
				<warmupTime>1.5</warmupTime>
				<noiseRadius>4</noiseRadius>
				<ai_IsBuildingDestroyer>false</ai_IsBuildingDestroyer>
				<soundCast>ThrowGrenade</soundCast>
				<targetParams>
					<canTargetLocations>true</canTargetLocations>
				</targetParams>
				<defaultProjectile>Proj_GrenadeMiehuo</defaultProjectile>
			</li>
		</verbs>
	</ThingDef>


</Defs>
