﻿<?xml version="1.0" encoding="utf-8" ?>
<Defs>

	<RecipeDef>
		<defName>MakeTuZhiLieQiang</defName>
		<label>制作土制猎枪</label>
		<description>土法制造的猎枪，应急情况下可堪一用。</description>
		<jobString>制作中。</jobString>
		<workAmount>2000</workAmount>
		<effectWorking>Smelt</effectWorking>
		<soundWorking>Recipe_Smelt</soundWorking>
		<workSkill>Crafting</workSkill>
		<recipeUsers>
			<li>CraftingSpot</li>
		</recipeUsers>
		<ingredients>
			<li>
				<filter>
					<thingDefs>
						<li>Steel</li>
					</thingDefs>
				</filter>
				<count>35</count>
			</li>
			<li>
				<filter>
					<thingDefs>
						<li>ComponentIndustrial</li>
					</thingDefs>
				</filter>
				<count>1</count>
			</li>
		</ingredients>
		<fixedIngredientFilter>
			<thingDefs>
				<li>Steel</li>
				<li>ComponentIndustrial</li>
			</thingDefs>
		</fixedIngredientFilter>
		<products>
			<Gun_TuZhiLieQiang>1</Gun_TuZhiLieQiang>
		</products>
	</RecipeDef>
<!--
	<RecipeDef>
		<defName>MakeType67GrenadeFrag</defName>
		<label>制作67式手榴弹</label>
		<description>土法制造的手榴弹，应急情况下可堪一用。</description>
		<jobString>制作中。</jobString>
		<workAmount>1800</workAmount>
		<effectWorking>Smelt</effectWorking>
		<soundWorking>Recipe_Smelt</soundWorking>
		<workSkill>Crafting</workSkill>
		<recipeUsers>
			<li>CraftingSpot</li>
		</recipeUsers>
		<ingredients>
			<li>
				<filter>
					<thingDefs>
						<li>Steel</li>
					</thingDefs>
				</filter>
				<count>25</count>
			</li>
			<li>
				<filter>
					<thingDefs>
						<li>ComponentIndustrial</li>
					</thingDefs>
				</filter>
				<count>1</count>
			</li>
		</ingredients>
		<fixedIngredientFilter>
			<thingDefs>
				<li>Steel</li>
				<li>ComponentIndustrial</li>
			</thingDefs>
		</fixedIngredientFilter>
		<products>
			<CIWS_type67GrenadeFrag>1</CIWS_type67GrenadeFrag>
		</products>
	</RecipeDef>

	<RecipeDef>
		<defName>Make_Weapon_GrenadeMiehuo</defName>
		<label>制作灭火手榴弹</label>
		<description>灭火手榴弹。</description>
		<jobString>制作中。</jobString>
		<workAmount>2400</workAmount>
		<effectWorking>Smelt</effectWorking>
		<soundWorking>Recipe_Smelt</soundWorking>
		<workSkill>Crafting</workSkill>
		<recipeUsers>
			<li>TableMachining</li>
		</recipeUsers>
		<ingredients>
			<li>
				<filter>
					<thingDefs>
						<li>Steel</li>
					</thingDefs>
				</filter>
				<count>100</count>
			</li>
			<li>
				<filter>
					<thingDefs>
						<li>Gold</li>
					</thingDefs>
				</filter>
				<count>5</count>
			</li>
			<li>
				<filter>
					<thingDefs>
						<li>ComponentIndustrial</li>
					</thingDefs>
				</filter>
				<count>5</count>
			</li>
		</ingredients>
		<fixedIngredientFilter>
			<thingDefs>
				<li>Steel</li>
				<li>Gold</li>
				<li>ComponentIndustrial</li>
			</thingDefs>
		</fixedIngredientFilter>
		<products>
			<Weapon_GrenadeMiehuo>1</Weapon_GrenadeMiehuo>
		</products>
	</RecipeDef>-->



</Defs>